Stage,Team,Probability
QF1,France,1.0
QF2,Spain,1.0
QF3,England,1.0
QF4,Argentina,1.0
SF1,France,0.4808074297180196
SF1,Spain,0.5191925702819808
SF2,England,0.4197832499855847
SF2,Argentina,0.5802167500144149
Final,France,0.23533430398921484
Final,England,0.20326269244164735
Final,Argentina,0.3111849956721713
Final,Spain,0.25021800789696674
