Stage,Team,Probability
QF1,France,1.0
QF2,Spain,1.0
QF3,England,1.0
QF4,Argentina,1.0
SF1,Spain,1.0
SF2,England,0.4197832499855847
SF2,Argentina,0.5802167500144149
Final,Spain,0.48193680383575177
Final,England,0.20530685949842042
Final,Argentina,0.31275633666582753
